{
  "project_info": {
    "project_number": "45913749396",
    "firebase_url": "https://fb-test-66884.firebaseio.com",
    "project_id": "fb-test-66884",
    "storage_bucket": "fb-test-66884.appspot.com"
  },
  "client": [
    {
      "client_info": {
        "mobilesdk_app_id": "1:45913749396:android:e906bb1c6be9a80d",
        "android_client_info": {
          "package_name": "com.example.affereaflaw.tayo"
        }
      },
      "oauth_client": [
        {
          "client_id": "45913749396-v3kk2mvmjuv6l42mfgk9d2k5a51e43t8.apps.googleusercontent.com",
          "client_type": 3
        }
      ],
      "api_key": [
        {
          "current_key": "AIzaSyBM3M6livyXUfzZfhcPxkTDSu6KLPvricM"
        }
      ],
      "services": {
        "analytics_service": {
          "status": 1
        },
        "appinvite_service": {
          "status": 1,
          "other_platform_oauth_client": []
        },
        "ads_service": {
          "status": 2
        }
      }
    },
    {
      "client_info": {
        "mobilesdk_app_id": "1:45913749396:android:37ddfdaff7e0d978",
        "android_client_info": {
          "package_name": "com.example.affereaflaw.tayouser"
        }
      },
      "oauth_client": [
        {
          "client_id": "45913749396-v3kk2mvmjuv6l42mfgk9d2k5a51e43t8.apps.googleusercontent.com",
          "client_type": 3
        }
      ],
      "api_key": [
        {
          "current_key": "AIzaSyBM3M6livyXUfzZfhcPxkTDSu6KLPvricM"
        }
      ],
      "services": {
        "analytics_service": {
          "status": 1
        },
        "appinvite_service": {
          "status": 1,
          "other_platform_oauth_client": []
        },
        "ads_service": {
          "status": 2
        }
      }
    }
  ],
  "configuration_version": "1"
}